title,text,subject,date
NASA Confirms New Planet Discovery,"Scientists at NASA have announced the discovery of a new exoplanet in the habitable zone of a nearby star. The planet, named Kepler-452b, shows promising signs of potentially supporting life.",Science,2024-01-15
Global Climate Summit Reaches Agreement,World leaders at the United Nations Climate Change Conference have reached a historic agreement to reduce carbon emissions by 50% by 2030. The pact includes commitments from 195 countries.,Environment,2024-01-20
Medical Breakthrough in Cancer Treatment,Researchers at Johns Hopkins University have developed a new immunotherapy treatment that shows 85% effectiveness against advanced melanoma. The treatment uses genetically modified T-cells to target cancer cells.,Health,2024-01-25
Stock Market Hits Record High,"The Dow Jones Industrial Average closed at an all-time high today, driven by strong earnings reports from technology companies and positive economic indicators.",Business,2024-01-30
New Renewable Energy Record Set,"Solar and wind power generation reached a record 45% of total electricity production in the United States last month, according to the Energy Information Administration.",Energy,2024-02-05
Olympic Games Preparation Underway,Paris 2024 Olympic organizers report 95% completion of venue construction. The games are expected to attract over 10 million visitors and generate  billion in economic impact.,Sports,2024-02-10
AI Research Shows Promising Results,"A new study from Stanford University demonstrates that artificial intelligence can now accurately predict protein structures, potentially accelerating drug discovery by years.",Technology,2024-02-15
Wildlife Conservation Success Story,"The giant panda population in China has increased by 20% over the past decade, thanks to dedicated conservation efforts and habitat protection programs.",Environment,2024-02-20
Economic Growth Exceeds Expectations,"The U.S. economy grew by 3.2% in the fourth quarter, surpassing analyst expectations and signaling continued recovery from previous economic challenges.",Business,2024-02-25
Educational Reform Initiative Launched,"The Department of Education announced a  billion initiative to modernize K-12 education, focusing on STEM education and digital literacy skills.",Education,2024-03-01
NASA Confirms New Planet Discovery,"Scientists at NASA have announced the discovery of a new exoplanet in the habitable zone of a nearby star. The planet, named Kepler-452b, shows promising signs of potentially supporting life.",Science,2024-01-15
Global Climate Summit Reaches Agreement,World leaders at the United Nations Climate Change Conference have reached a historic agreement to reduce carbon emissions by 50% by 2030. The pact includes commitments from 195 countries.,Environment,2024-01-20
Medical Breakthrough in Cancer Treatment,Researchers at Johns Hopkins University have developed a new immunotherapy treatment that shows 85% effectiveness against advanced melanoma. The treatment uses genetically modified T-cells to target cancer cells.,Health,2024-01-25
Stock Market Hits Record High,"The Dow Jones Industrial Average closed at an all-time high today, driven by strong earnings reports from technology companies and positive economic indicators.",Business,2024-01-30
New Renewable Energy Record Set,"Solar and wind power generation reached a record 45% of total electricity production in the United States last month, according to the Energy Information Administration.",Energy,2024-02-05
Olympic Games Preparation Underway,Paris 2024 Olympic organizers report 95% completion of venue construction. The games are expected to attract over 10 million visitors and generate  billion in economic impact.,Sports,2024-02-10
AI Research Shows Promising Results,"A new study from Stanford University demonstrates that artificial intelligence can now accurately predict protein structures, potentially accelerating drug discovery by years.",Technology,2024-02-15
Wildlife Conservation Success Story,"The giant panda population in China has increased by 20% over the past decade, thanks to dedicated conservation efforts and habitat protection programs.",Environment,2024-02-20
Economic Growth Exceeds Expectations,"The U.S. economy grew by 3.2% in the fourth quarter, surpassing analyst expectations and signaling continued recovery from previous economic challenges.",Business,2024-02-25
Educational Reform Initiative Launched,"The Department of Education announced a  billion initiative to modernize K-12 education, focusing on STEM education and digital literacy skills.",Education,2024-03-01
NASA Confirms New Planet Discovery,"Scientists at NASA have announced the discovery of a new exoplanet in the habitable zone of a nearby star. The planet, named Kepler-452b, shows promising signs of potentially supporting life.",Science,2024-01-15
Global Climate Summit Reaches Agreement,World leaders at the United Nations Climate Change Conference have reached a historic agreement to reduce carbon emissions by 50% by 2030. The pact includes commitments from 195 countries.,Environment,2024-01-20
Medical Breakthrough in Cancer Treatment,Researchers at Johns Hopkins University have developed a new immunotherapy treatment that shows 85% effectiveness against advanced melanoma. The treatment uses genetically modified T-cells to target cancer cells.,Health,2024-01-25
Stock Market Hits Record High,"The Dow Jones Industrial Average closed at an all-time high today, driven by strong earnings reports from technology companies and positive economic indicators.",Business,2024-01-30
New Renewable Energy Record Set,"Solar and wind power generation reached a record 45% of total electricity production in the United States last month, according to the Energy Information Administration.",Energy,2024-02-05
Olympic Games Preparation Underway,Paris 2024 Olympic organizers report 95% completion of venue construction. The games are expected to attract over 10 million visitors and generate  billion in economic impact.,Sports,2024-02-10
AI Research Shows Promising Results,"A new study from Stanford University demonstrates that artificial intelligence can now accurately predict protein structures, potentially accelerating drug discovery by years.",Technology,2024-02-15
Wildlife Conservation Success Story,"The giant panda population in China has increased by 20% over the past decade, thanks to dedicated conservation efforts and habitat protection programs.",Environment,2024-02-20
Economic Growth Exceeds Expectations,"The U.S. economy grew by 3.2% in the fourth quarter, surpassing analyst expectations and signaling continued recovery from previous economic challenges.",Business,2024-02-25
Educational Reform Initiative Launched,"The Department of Education announced a  billion initiative to modernize K-12 education, focusing on STEM education and digital literacy skills.",Education,2024-03-01
NASA Confirms New Planet Discovery,"Scientists at NASA have announced the discovery of a new exoplanet in the habitable zone of a nearby star. The planet, named Kepler-452b, shows promising signs of potentially supporting life.",Science,2024-01-15
Global Climate Summit Reaches Agreement,World leaders at the United Nations Climate Change Conference have reached a historic agreement to reduce carbon emissions by 50% by 2030. The pact includes commitments from 195 countries.,Environment,2024-01-20
Medical Breakthrough in Cancer Treatment,Researchers at Johns Hopkins University have developed a new immunotherapy treatment that shows 85% effectiveness against advanced melanoma. The treatment uses genetically modified T-cells to target cancer cells.,Health,2024-01-25
Stock Market Hits Record High,"The Dow Jones Industrial Average closed at an all-time high today, driven by strong earnings reports from technology companies and positive economic indicators.",Business,2024-01-30
New Renewable Energy Record Set,"Solar and wind power generation reached a record 45% of total electricity production in the United States last month, according to the Energy Information Administration.",Energy,2024-02-05
Olympic Games Preparation Underway,Paris 2024 Olympic organizers report 95% completion of venue construction. The games are expected to attract over 10 million visitors and generate  billion in economic impact.,Sports,2024-02-10
AI Research Shows Promising Results,"A new study from Stanford University demonstrates that artificial intelligence can now accurately predict protein structures, potentially accelerating drug discovery by years.",Technology,2024-02-15
Wildlife Conservation Success Story,"The giant panda population in China has increased by 20% over the past decade, thanks to dedicated conservation efforts and habitat protection programs.",Environment,2024-02-20
Economic Growth Exceeds Expectations,"The U.S. economy grew by 3.2% in the fourth quarter, surpassing analyst expectations and signaling continued recovery from previous economic challenges.",Business,2024-02-25
Educational Reform Initiative Launched,"The Department of Education announced a  billion initiative to modernize K-12 education, focusing on STEM education and digital literacy skills.",Education,2024-03-01
NASA Confirms New Planet Discovery,"Scientists at NASA have announced the discovery of a new exoplanet in the habitable zone of a nearby star. The planet, named Kepler-452b, shows promising signs of potentially supporting life.",Science,2024-01-15
Global Climate Summit Reaches Agreement,World leaders at the United Nations Climate Change Conference have reached a historic agreement to reduce carbon emissions by 50% by 2030. The pact includes commitments from 195 countries.,Environment,2024-01-20
Medical Breakthrough in Cancer Treatment,Researchers at Johns Hopkins University have developed a new immunotherapy treatment that shows 85% effectiveness against advanced melanoma. The treatment uses genetically modified T-cells to target cancer cells.,Health,2024-01-25
Stock Market Hits Record High,"The Dow Jones Industrial Average closed at an all-time high today, driven by strong earnings reports from technology companies and positive economic indicators.",Business,2024-01-30
New Renewable Energy Record Set,"Solar and wind power generation reached a record 45% of total electricity production in the United States last month, according to the Energy Information Administration.",Energy,2024-02-05
Olympic Games Preparation Underway,Paris 2024 Olympic organizers report 95% completion of venue construction. The games are expected to attract over 10 million visitors and generate  billion in economic impact.,Sports,2024-02-10
AI Research Shows Promising Results,"A new study from Stanford University demonstrates that artificial intelligence can now accurately predict protein structures, potentially accelerating drug discovery by years.",Technology,2024-02-15
Wildlife Conservation Success Story,"The giant panda population in China has increased by 20% over the past decade, thanks to dedicated conservation efforts and habitat protection programs.",Environment,2024-02-20
Economic Growth Exceeds Expectations,"The U.S. economy grew by 3.2% in the fourth quarter, surpassing analyst expectations and signaling continued recovery from previous economic challenges.",Business,2024-02-25
Educational Reform Initiative Launched,"The Department of Education announced a  billion initiative to modernize K-12 education, focusing on STEM education and digital literacy skills.",Education,2024-03-01
NASA Confirms New Planet Discovery,"Scientists at NASA have announced the discovery of a new exoplanet in the habitable zone of a nearby star. The planet, named Kepler-452b, shows promising signs of potentially supporting life.",Science,2024-01-15
Global Climate Summit Reaches Agreement,World leaders at the United Nations Climate Change Conference have reached a historic agreement to reduce carbon emissions by 50% by 2030. The pact includes commitments from 195 countries.,Environment,2024-01-20
Medical Breakthrough in Cancer Treatment,Researchers at Johns Hopkins University have developed a new immunotherapy treatment that shows 85% effectiveness against advanced melanoma. The treatment uses genetically modified T-cells to target cancer cells.,Health,2024-01-25
Stock Market Hits Record High,"The Dow Jones Industrial Average closed at an all-time high today, driven by strong earnings reports from technology companies and positive economic indicators.",Business,2024-01-30
New Renewable Energy Record Set,"Solar and wind power generation reached a record 45% of total electricity production in the United States last month, according to the Energy Information Administration.",Energy,2024-02-05
Olympic Games Preparation Underway,Paris 2024 Olympic organizers report 95% completion of venue construction. The games are expected to attract over 10 million visitors and generate  billion in economic impact.,Sports,2024-02-10
AI Research Shows Promising Results,"A new study from Stanford University demonstrates that artificial intelligence can now accurately predict protein structures, potentially accelerating drug discovery by years.",Technology,2024-02-15
Wildlife Conservation Success Story,"The giant panda population in China has increased by 20% over the past decade, thanks to dedicated conservation efforts and habitat protection programs.",Environment,2024-02-20
Economic Growth Exceeds Expectations,"The U.S. economy grew by 3.2% in the fourth quarter, surpassing analyst expectations and signaling continued recovery from previous economic challenges.",Business,2024-02-25
Educational Reform Initiative Launched,"The Department of Education announced a  billion initiative to modernize K-12 education, focusing on STEM education and digital literacy skills.",Education,2024-03-01
NASA Confirms New Planet Discovery,"Scientists at NASA have announced the discovery of a new exoplanet in the habitable zone of a nearby star. The planet, named Kepler-452b, shows promising signs of potentially supporting life.",Science,2024-01-15
Global Climate Summit Reaches Agreement,World leaders at the United Nations Climate Change Conference have reached a historic agreement to reduce carbon emissions by 50% by 2030. The pact includes commitments from 195 countries.,Environment,2024-01-20
Medical Breakthrough in Cancer Treatment,Researchers at Johns Hopkins University have developed a new immunotherapy treatment that shows 85% effectiveness against advanced melanoma. The treatment uses genetically modified T-cells to target cancer cells.,Health,2024-01-25
Stock Market Hits Record High,"The Dow Jones Industrial Average closed at an all-time high today, driven by strong earnings reports from technology companies and positive economic indicators.",Business,2024-01-30
New Renewable Energy Record Set,"Solar and wind power generation reached a record 45% of total electricity production in the United States last month, according to the Energy Information Administration.",Energy,2024-02-05
Olympic Games Preparation Underway,Paris 2024 Olympic organizers report 95% completion of venue construction. The games are expected to attract over 10 million visitors and generate  billion in economic impact.,Sports,2024-02-10
AI Research Shows Promising Results,"A new study from Stanford University demonstrates that artificial intelligence can now accurately predict protein structures, potentially accelerating drug discovery by years.",Technology,2024-02-15
Wildlife Conservation Success Story,"The giant panda population in China has increased by 20% over the past decade, thanks to dedicated conservation efforts and habitat protection programs.",Environment,2024-02-20
Economic Growth Exceeds Expectations,"The U.S. economy grew by 3.2% in the fourth quarter, surpassing analyst expectations and signaling continued recovery from previous economic challenges.",Business,2024-02-25
Educational Reform Initiative Launched,"The Department of Education announced a  billion initiative to modernize K-12 education, focusing on STEM education and digital literacy skills.",Education,2024-03-01
NASA Confirms New Planet Discovery,"Scientists at NASA have announced the discovery of a new exoplanet in the habitable zone of a nearby star. The planet, named Kepler-452b, shows promising signs of potentially supporting life.",Science,2024-01-15
Global Climate Summit Reaches Agreement,World leaders at the United Nations Climate Change Conference have reached a historic agreement to reduce carbon emissions by 50% by 2030. The pact includes commitments from 195 countries.,Environment,2024-01-20
Medical Breakthrough in Cancer Treatment,Researchers at Johns Hopkins University have developed a new immunotherapy treatment that shows 85% effectiveness against advanced melanoma. The treatment uses genetically modified T-cells to target cancer cells.,Health,2024-01-25
Stock Market Hits Record High,"The Dow Jones Industrial Average closed at an all-time high today, driven by strong earnings reports from technology companies and positive economic indicators.",Business,2024-01-30
New Renewable Energy Record Set,"Solar and wind power generation reached a record 45% of total electricity production in the United States last month, according to the Energy Information Administration.",Energy,2024-02-05
Olympic Games Preparation Underway,Paris 2024 Olympic organizers report 95% completion of venue construction. The games are expected to attract over 10 million visitors and generate  billion in economic impact.,Sports,2024-02-10
AI Research Shows Promising Results,"A new study from Stanford University demonstrates that artificial intelligence can now accurately predict protein structures, potentially accelerating drug discovery by years.",Technology,2024-02-15
Wildlife Conservation Success Story,"The giant panda population in China has increased by 20% over the past decade, thanks to dedicated conservation efforts and habitat protection programs.",Environment,2024-02-20
Economic Growth Exceeds Expectations,"The U.S. economy grew by 3.2% in the fourth quarter, surpassing analyst expectations and signaling continued recovery from previous economic challenges.",Business,2024-02-25
Educational Reform Initiative Launched,"The Department of Education announced a  billion initiative to modernize K-12 education, focusing on STEM education and digital literacy skills.",Education,2024-03-01
NASA Confirms New Planet Discovery,"Scientists at NASA have announced the discovery of a new exoplanet in the habitable zone of a nearby star. The planet, named Kepler-452b, shows promising signs of potentially supporting life.",Science,2024-01-15
Global Climate Summit Reaches Agreement,World leaders at the United Nations Climate Change Conference have reached a historic agreement to reduce carbon emissions by 50% by 2030. The pact includes commitments from 195 countries.,Environment,2024-01-20
Medical Breakthrough in Cancer Treatment,Researchers at Johns Hopkins University have developed a new immunotherapy treatment that shows 85% effectiveness against advanced melanoma. The treatment uses genetically modified T-cells to target cancer cells.,Health,2024-01-25
Stock Market Hits Record High,"The Dow Jones Industrial Average closed at an all-time high today, driven by strong earnings reports from technology companies and positive economic indicators.",Business,2024-01-30
New Renewable Energy Record Set,"Solar and wind power generation reached a record 45% of total electricity production in the United States last month, according to the Energy Information Administration.",Energy,2024-02-05
Olympic Games Preparation Underway,Paris 2024 Olympic organizers report 95% completion of venue construction. The games are expected to attract over 10 million visitors and generate  billion in economic impact.,Sports,2024-02-10
AI Research Shows Promising Results,"A new study from Stanford University demonstrates that artificial intelligence can now accurately predict protein structures, potentially accelerating drug discovery by years.",Technology,2024-02-15
Wildlife Conservation Success Story,"The giant panda population in China has increased by 20% over the past decade, thanks to dedicated conservation efforts and habitat protection programs.",Environment,2024-02-20
Economic Growth Exceeds Expectations,"The U.S. economy grew by 3.2% in the fourth quarter, surpassing analyst expectations and signaling continued recovery from previous economic challenges.",Business,2024-02-25
Educational Reform Initiative Launched,"The Department of Education announced a  billion initiative to modernize K-12 education, focusing on STEM education and digital literacy skills.",Education,2024-03-01
NASA Confirms New Planet Discovery,"Scientists at NASA have announced the discovery of a new exoplanet in the habitable zone of a nearby star. The planet, named Kepler-452b, shows promising signs of potentially supporting life.",Science,2024-01-15
Global Climate Summit Reaches Agreement,World leaders at the United Nations Climate Change Conference have reached a historic agreement to reduce carbon emissions by 50% by 2030. The pact includes commitments from 195 countries.,Environment,2024-01-20
Medical Breakthrough in Cancer Treatment,Researchers at Johns Hopkins University have developed a new immunotherapy treatment that shows 85% effectiveness against advanced melanoma. The treatment uses genetically modified T-cells to target cancer cells.,Health,2024-01-25
Stock Market Hits Record High,"The Dow Jones Industrial Average closed at an all-time high today, driven by strong earnings reports from technology companies and positive economic indicators.",Business,2024-01-30
New Renewable Energy Record Set,"Solar and wind power generation reached a record 45% of total electricity production in the United States last month, according to the Energy Information Administration.",Energy,2024-02-05
Olympic Games Preparation Underway,Paris 2024 Olympic organizers report 95% completion of venue construction. The games are expected to attract over 10 million visitors and generate  billion in economic impact.,Sports,2024-02-10
AI Research Shows Promising Results,"A new study from Stanford University demonstrates that artificial intelligence can now accurately predict protein structures, potentially accelerating drug discovery by years.",Technology,2024-02-15
Wildlife Conservation Success Story,"The giant panda population in China has increased by 20% over the past decade, thanks to dedicated conservation efforts and habitat protection programs.",Environment,2024-02-20
Economic Growth Exceeds Expectations,"The U.S. economy grew by 3.2% in the fourth quarter, surpassing analyst expectations and signaling continued recovery from previous economic challenges.",Business,2024-02-25
Educational Reform Initiative Launched,"The Department of Education announced a  billion initiative to modernize K-12 education, focusing on STEM education and digital literacy skills.",Education,2024-03-01
NASA Confirms New Planet Discovery,"Scientists at NASA have announced the discovery of a new exoplanet in the habitable zone of a nearby star. The planet, named Kepler-452b, shows promising signs of potentially supporting life.",Science,2024-01-15
Global Climate Summit Reaches Agreement,World leaders at the United Nations Climate Change Conference have reached a historic agreement to reduce carbon emissions by 50% by 2030. The pact includes commitments from 195 countries.,Environment,2024-01-20
Medical Breakthrough in Cancer Treatment,Researchers at Johns Hopkins University have developed a new immunotherapy treatment that shows 85% effectiveness against advanced melanoma. The treatment uses genetically modified T-cells to target cancer cells.,Health,2024-01-25
Stock Market Hits Record High,"The Dow Jones Industrial Average closed at an all-time high today, driven by strong earnings reports from technology companies and positive economic indicators.",Business,2024-01-30
New Renewable Energy Record Set,"Solar and wind power generation reached a record 45% of total electricity production in the United States last month, according to the Energy Information Administration.",Energy,2024-02-05
Olympic Games Preparation Underway,Paris 2024 Olympic organizers report 95% completion of venue construction. The games are expected to attract over 10 million visitors and generate  billion in economic impact.,Sports,2024-02-10
AI Research Shows Promising Results,"A new study from Stanford University demonstrates that artificial intelligence can now accurately predict protein structures, potentially accelerating drug discovery by years.",Technology,2024-02-15
Wildlife Conservation Success Story,"The giant panda population in China has increased by 20% over the past decade, thanks to dedicated conservation efforts and habitat protection programs.",Environment,2024-02-20
Economic Growth Exceeds Expectations,"The U.S. economy grew by 3.2% in the fourth quarter, surpassing analyst expectations and signaling continued recovery from previous economic challenges.",Business,2024-02-25
Educational Reform Initiative Launched,"The Department of Education announced a  billion initiative to modernize K-12 education, focusing on STEM education and digital literacy skills.",Education,2024-03-01
NASA Confirms New Planet Discovery,"Scientists at NASA have announced the discovery of a new exoplanet in the habitable zone of a nearby star. The planet, named Kepler-452b, shows promising signs of potentially supporting life.",Science,2024-01-15
Global Climate Summit Reaches Agreement,World leaders at the United Nations Climate Change Conference have reached a historic agreement to reduce carbon emissions by 50% by 2030. The pact includes commitments from 195 countries.,Environment,2024-01-20
Medical Breakthrough in Cancer Treatment,Researchers at Johns Hopkins University have developed a new immunotherapy treatment that shows 85% effectiveness against advanced melanoma. The treatment uses genetically modified T-cells to target cancer cells.,Health,2024-01-25
Stock Market Hits Record High,"The Dow Jones Industrial Average closed at an all-time high today, driven by strong earnings reports from technology companies and positive economic indicators.",Business,2024-01-30
New Renewable Energy Record Set,"Solar and wind power generation reached a record 45% of total electricity production in the United States last month, according to the Energy Information Administration.",Energy,2024-02-05
Olympic Games Preparation Underway,Paris 2024 Olympic organizers report 95% completion of venue construction. The games are expected to attract over 10 million visitors and generate  billion in economic impact.,Sports,2024-02-10
AI Research Shows Promising Results,"A new study from Stanford University demonstrates that artificial intelligence can now accurately predict protein structures, potentially accelerating drug discovery by years.",Technology,2024-02-15
Wildlife Conservation Success Story,"The giant panda population in China has increased by 20% over the past decade, thanks to dedicated conservation efforts and habitat protection programs.",Environment,2024-02-20
Economic Growth Exceeds Expectations,"The U.S. economy grew by 3.2% in the fourth quarter, surpassing analyst expectations and signaling continued recovery from previous economic challenges.",Business,2024-02-25
Educational Reform Initiative Launched,"The Department of Education announced a  billion initiative to modernize K-12 education, focusing on STEM education and digital literacy skills.",Education,2024-03-01
NASA Confirms New Planet Discovery,"Scientists at NASA have announced the discovery of a new exoplanet in the habitable zone of a nearby star. The planet, named Kepler-452b, shows promising signs of potentially supporting life.",Science,2024-01-15
Global Climate Summit Reaches Agreement,World leaders at the United Nations Climate Change Conference have reached a historic agreement to reduce carbon emissions by 50% by 2030. The pact includes commitments from 195 countries.,Environment,2024-01-20
Medical Breakthrough in Cancer Treatment,Researchers at Johns Hopkins University have developed a new immunotherapy treatment that shows 85% effectiveness against advanced melanoma. The treatment uses genetically modified T-cells to target cancer cells.,Health,2024-01-25
Stock Market Hits Record High,"The Dow Jones Industrial Average closed at an all-time high today, driven by strong earnings reports from technology companies and positive economic indicators.",Business,2024-01-30
New Renewable Energy Record Set,"Solar and wind power generation reached a record 45% of total electricity production in the United States last month, according to the Energy Information Administration.",Energy,2024-02-05
Olympic Games Preparation Underway,Paris 2024 Olympic organizers report 95% completion of venue construction. The games are expected to attract over 10 million visitors and generate  billion in economic impact.,Sports,2024-02-10
AI Research Shows Promising Results,"A new study from Stanford University demonstrates that artificial intelligence can now accurately predict protein structures, potentially accelerating drug discovery by years.",Technology,2024-02-15
Wildlife Conservation Success Story,"The giant panda population in China has increased by 20% over the past decade, thanks to dedicated conservation efforts and habitat protection programs.",Environment,2024-02-20
Economic Growth Exceeds Expectations,"The U.S. economy grew by 3.2% in the fourth quarter, surpassing analyst expectations and signaling continued recovery from previous economic challenges.",Business,2024-02-25
Educational Reform Initiative Launched,"The Department of Education announced a  billion initiative to modernize K-12 education, focusing on STEM education and digital literacy skills.",Education,2024-03-01
NASA Confirms New Planet Discovery,"Scientists at NASA have announced the discovery of a new exoplanet in the habitable zone of a nearby star. The planet, named Kepler-452b, shows promising signs of potentially supporting life.",Science,2024-01-15
Global Climate Summit Reaches Agreement,World leaders at the United Nations Climate Change Conference have reached a historic agreement to reduce carbon emissions by 50% by 2030. The pact includes commitments from 195 countries.,Environment,2024-01-20
Medical Breakthrough in Cancer Treatment,Researchers at Johns Hopkins University have developed a new immunotherapy treatment that shows 85% effectiveness against advanced melanoma. The treatment uses genetically modified T-cells to target cancer cells.,Health,2024-01-25
Stock Market Hits Record High,"The Dow Jones Industrial Average closed at an all-time high today, driven by strong earnings reports from technology companies and positive economic indicators.",Business,2024-01-30
New Renewable Energy Record Set,"Solar and wind power generation reached a record 45% of total electricity production in the United States last month, according to the Energy Information Administration.",Energy,2024-02-05
Olympic Games Preparation Underway,Paris 2024 Olympic organizers report 95% completion of venue construction. The games are expected to attract over 10 million visitors and generate  billion in economic impact.,Sports,2024-02-10
AI Research Shows Promising Results,"A new study from Stanford University demonstrates that artificial intelligence can now accurately predict protein structures, potentially accelerating drug discovery by years.",Technology,2024-02-15
Wildlife Conservation Success Story,"The giant panda population in China has increased by 20% over the past decade, thanks to dedicated conservation efforts and habitat protection programs.",Environment,2024-02-20
Economic Growth Exceeds Expectations,"The U.S. economy grew by 3.2% in the fourth quarter, surpassing analyst expectations and signaling continued recovery from previous economic challenges.",Business,2024-02-25
Educational Reform Initiative Launched,"The Department of Education announced a  billion initiative to modernize K-12 education, focusing on STEM education and digital literacy skills.",Education,2024-03-01
NASA Confirms New Planet Discovery,"Scientists at NASA have announced the discovery of a new exoplanet in the habitable zone of a nearby star. The planet, named Kepler-452b, shows promising signs of potentially supporting life.",Science,2024-01-15
Global Climate Summit Reaches Agreement,World leaders at the United Nations Climate Change Conference have reached a historic agreement to reduce carbon emissions by 50% by 2030. The pact includes commitments from 195 countries.,Environment,2024-01-20
Medical Breakthrough in Cancer Treatment,Researchers at Johns Hopkins University have developed a new immunotherapy treatment that shows 85% effectiveness against advanced melanoma. The treatment uses genetically modified T-cells to target cancer cells.,Health,2024-01-25
Stock Market Hits Record High,"The Dow Jones Industrial Average closed at an all-time high today, driven by strong earnings reports from technology companies and positive economic indicators.",Business,2024-01-30
New Renewable Energy Record Set,"Solar and wind power generation reached a record 45% of total electricity production in the United States last month, according to the Energy Information Administration.",Energy,2024-02-05
Olympic Games Preparation Underway,Paris 2024 Olympic organizers report 95% completion of venue construction. The games are expected to attract over 10 million visitors and generate  billion in economic impact.,Sports,2024-02-10
AI Research Shows Promising Results,"A new study from Stanford University demonstrates that artificial intelligence can now accurately predict protein structures, potentially accelerating drug discovery by years.",Technology,2024-02-15
Wildlife Conservation Success Story,"The giant panda population in China has increased by 20% over the past decade, thanks to dedicated conservation efforts and habitat protection programs.",Environment,2024-02-20
Economic Growth Exceeds Expectations,"The U.S. economy grew by 3.2% in the fourth quarter, surpassing analyst expectations and signaling continued recovery from previous economic challenges.",Business,2024-02-25
Educational Reform Initiative Launched,"The Department of Education announced a  billion initiative to modernize K-12 education, focusing on STEM education and digital literacy skills.",Education,2024-03-01
NASA Confirms New Planet Discovery,"Scientists at NASA have announced the discovery of a new exoplanet in the habitable zone of a nearby star. The planet, named Kepler-452b, shows promising signs of potentially supporting life.",Science,2024-01-15
Global Climate Summit Reaches Agreement,World leaders at the United Nations Climate Change Conference have reached a historic agreement to reduce carbon emissions by 50% by 2030. The pact includes commitments from 195 countries.,Environment,2024-01-20
Medical Breakthrough in Cancer Treatment,Researchers at Johns Hopkins University have developed a new immunotherapy treatment that shows 85% effectiveness against advanced melanoma. The treatment uses genetically modified T-cells to target cancer cells.,Health,2024-01-25
Stock Market Hits Record High,"The Dow Jones Industrial Average closed at an all-time high today, driven by strong earnings reports from technology companies and positive economic indicators.",Business,2024-01-30
New Renewable Energy Record Set,"Solar and wind power generation reached a record 45% of total electricity production in the United States last month, according to the Energy Information Administration.",Energy,2024-02-05
Olympic Games Preparation Underway,Paris 2024 Olympic organizers report 95% completion of venue construction. The games are expected to attract over 10 million visitors and generate  billion in economic impact.,Sports,2024-02-10
AI Research Shows Promising Results,"A new study from Stanford University demonstrates that artificial intelligence can now accurately predict protein structures, potentially accelerating drug discovery by years.",Technology,2024-02-15
Wildlife Conservation Success Story,"The giant panda population in China has increased by 20% over the past decade, thanks to dedicated conservation efforts and habitat protection programs.",Environment,2024-02-20
Economic Growth Exceeds Expectations,"The U.S. economy grew by 3.2% in the fourth quarter, surpassing analyst expectations and signaling continued recovery from previous economic challenges.",Business,2024-02-25
Educational Reform Initiative Launched,"The Department of Education announced a  billion initiative to modernize K-12 education, focusing on STEM education and digital literacy skills.",Education,2024-03-01
NASA Confirms New Planet Discovery,"Scientists at NASA have announced the discovery of a new exoplanet in the habitable zone of a nearby star. The planet, named Kepler-452b, shows promising signs of potentially supporting life.",Science,2024-01-15
Global Climate Summit Reaches Agreement,World leaders at the United Nations Climate Change Conference have reached a historic agreement to reduce carbon emissions by 50% by 2030. The pact includes commitments from 195 countries.,Environment,2024-01-20
Medical Breakthrough in Cancer Treatment,Researchers at Johns Hopkins University have developed a new immunotherapy treatment that shows 85% effectiveness against advanced melanoma. The treatment uses genetically modified T-cells to target cancer cells.,Health,2024-01-25
Stock Market Hits Record High,"The Dow Jones Industrial Average closed at an all-time high today, driven by strong earnings reports from technology companies and positive economic indicators.",Business,2024-01-30
New Renewable Energy Record Set,"Solar and wind power generation reached a record 45% of total electricity production in the United States last month, according to the Energy Information Administration.",Energy,2024-02-05
Olympic Games Preparation Underway,Paris 2024 Olympic organizers report 95% completion of venue construction. The games are expected to attract over 10 million visitors and generate  billion in economic impact.,Sports,2024-02-10
AI Research Shows Promising Results,"A new study from Stanford University demonstrates that artificial intelligence can now accurately predict protein structures, potentially accelerating drug discovery by years.",Technology,2024-02-15
Wildlife Conservation Success Story,"The giant panda population in China has increased by 20% over the past decade, thanks to dedicated conservation efforts and habitat protection programs.",Environment,2024-02-20
Economic Growth Exceeds Expectations,"The U.S. economy grew by 3.2% in the fourth quarter, surpassing analyst expectations and signaling continued recovery from previous economic challenges.",Business,2024-02-25
Educational Reform Initiative Launched,"The Department of Education announced a  billion initiative to modernize K-12 education, focusing on STEM education and digital literacy skills.",Education,2024-03-01
NASA Confirms New Planet Discovery,"Scientists at NASA have announced the discovery of a new exoplanet in the habitable zone of a nearby star. The planet, named Kepler-452b, shows promising signs of potentially supporting life.",Science,2024-01-15
Global Climate Summit Reaches Agreement,World leaders at the United Nations Climate Change Conference have reached a historic agreement to reduce carbon emissions by 50% by 2030. The pact includes commitments from 195 countries.,Environment,2024-01-20
Medical Breakthrough in Cancer Treatment,Researchers at Johns Hopkins University have developed a new immunotherapy treatment that shows 85% effectiveness against advanced melanoma. The treatment uses genetically modified T-cells to target cancer cells.,Health,2024-01-25
Stock Market Hits Record High,"The Dow Jones Industrial Average closed at an all-time high today, driven by strong earnings reports from technology companies and positive economic indicators.",Business,2024-01-30
New Renewable Energy Record Set,"Solar and wind power generation reached a record 45% of total electricity production in the United States last month, according to the Energy Information Administration.",Energy,2024-02-05
Olympic Games Preparation Underway,Paris 2024 Olympic organizers report 95% completion of venue construction. The games are expected to attract over 10 million visitors and generate  billion in economic impact.,Sports,2024-02-10
AI Research Shows Promising Results,"A new study from Stanford University demonstrates that artificial intelligence can now accurately predict protein structures, potentially accelerating drug discovery by years.",Technology,2024-02-15
Wildlife Conservation Success Story,"The giant panda population in China has increased by 20% over the past decade, thanks to dedicated conservation efforts and habitat protection programs.",Environment,2024-02-20
Economic Growth Exceeds Expectations,"The U.S. economy grew by 3.2% in the fourth quarter, surpassing analyst expectations and signaling continued recovery from previous economic challenges.",Business,2024-02-25
Educational Reform Initiative Launched,"The Department of Education announced a  billion initiative to modernize K-12 education, focusing on STEM education and digital literacy skills.",Education,2024-03-01
NASA Confirms New Planet Discovery,"Scientists at NASA have announced the discovery of a new exoplanet in the habitable zone of a nearby star. The planet, named Kepler-452b, shows promising signs of potentially supporting life.",Science,2024-01-15
Global Climate Summit Reaches Agreement,World leaders at the United Nations Climate Change Conference have reached a historic agreement to reduce carbon emissions by 50% by 2030. The pact includes commitments from 195 countries.,Environment,2024-01-20
Medical Breakthrough in Cancer Treatment,Researchers at Johns Hopkins University have developed a new immunotherapy treatment that shows 85% effectiveness against advanced melanoma. The treatment uses genetically modified T-cells to target cancer cells.,Health,2024-01-25
Stock Market Hits Record High,"The Dow Jones Industrial Average closed at an all-time high today, driven by strong earnings reports from technology companies and positive economic indicators.",Business,2024-01-30
New Renewable Energy Record Set,"Solar and wind power generation reached a record 45% of total electricity production in the United States last month, according to the Energy Information Administration.",Energy,2024-02-05
Olympic Games Preparation Underway,Paris 2024 Olympic organizers report 95% completion of venue construction. The games are expected to attract over 10 million visitors and generate  billion in economic impact.,Sports,2024-02-10
AI Research Shows Promising Results,"A new study from Stanford University demonstrates that artificial intelligence can now accurately predict protein structures, potentially accelerating drug discovery by years.",Technology,2024-02-15
Wildlife Conservation Success Story,"The giant panda population in China has increased by 20% over the past decade, thanks to dedicated conservation efforts and habitat protection programs.",Environment,2024-02-20
Economic Growth Exceeds Expectations,"The U.S. economy grew by 3.2% in the fourth quarter, surpassing analyst expectations and signaling continued recovery from previous economic challenges.",Business,2024-02-25
Educational Reform Initiative Launched,"The Department of Education announced a  billion initiative to modernize K-12 education, focusing on STEM education and digital literacy skills.",Education,2024-03-01
NASA Confirms New Planet Discovery,"Scientists at NASA have announced the discovery of a new exoplanet in the habitable zone of a nearby star. The planet, named Kepler-452b, shows promising signs of potentially supporting life.",Science,2024-01-15
Global Climate Summit Reaches Agreement,World leaders at the United Nations Climate Change Conference have reached a historic agreement to reduce carbon emissions by 50% by 2030. The pact includes commitments from 195 countries.,Environment,2024-01-20
Medical Breakthrough in Cancer Treatment,Researchers at Johns Hopkins University have developed a new immunotherapy treatment that shows 85% effectiveness against advanced melanoma. The treatment uses genetically modified T-cells to target cancer cells.,Health,2024-01-25
Stock Market Hits Record High,"The Dow Jones Industrial Average closed at an all-time high today, driven by strong earnings reports from technology companies and positive economic indicators.",Business,2024-01-30
New Renewable Energy Record Set,"Solar and wind power generation reached a record 45% of total electricity production in the United States last month, according to the Energy Information Administration.",Energy,2024-02-05
Olympic Games Preparation Underway,Paris 2024 Olympic organizers report 95% completion of venue construction. The games are expected to attract over 10 million visitors and generate  billion in economic impact.,Sports,2024-02-10
AI Research Shows Promising Results,"A new study from Stanford University demonstrates that artificial intelligence can now accurately predict protein structures, potentially accelerating drug discovery by years.",Technology,2024-02-15
Wildlife Conservation Success Story,"The giant panda population in China has increased by 20% over the past decade, thanks to dedicated conservation efforts and habitat protection programs.",Environment,2024-02-20
Economic Growth Exceeds Expectations,"The U.S. economy grew by 3.2% in the fourth quarter, surpassing analyst expectations and signaling continued recovery from previous economic challenges.",Business,2024-02-25
Educational Reform Initiative Launched,"The Department of Education announced a  billion initiative to modernize K-12 education, focusing on STEM education and digital literacy skills.",Education,2024-03-01
